"facility_name","floor","floor_room_str","room","use_name"
"4-H HEADQUARTERS","1","1202","202","Mens"
"4-H HEADQUARTERS","1","1204","204","Womens"
"A. JAMES CLARK HALL","1","1103","103","Neutral"
"A. JAMES CLARK HALL","1","1226","226","Womens"
"A. JAMES CLARK HALL","1","1228","228","Mens"
"A. JAMES CLARK HALL","1","1232","232","Family"
"A. JAMES CLARK HALL","2","2218","218","Mens"
"A. JAMES CLARK HALL","2","2228","228","Womens"
"A. JAMES CLARK HALL","3","3103","103","Womens"
"A. JAMES CLARK HALL","3","3105","105","Mens"
"A. JAMES CLARK HALL","4","4103","103","Womens"
"A. JAMES CLARK HALL","4","4105","105","Mens"
"A. JAMES CLARK HALL","5","5103","103","Womens"
"A. JAMES CLARK HALL","5","5105","105","Mens"
"A. JAMES CLARK HALL","6","6103","103","Mens"
"A. JAMES CLARK HALL","6","6103A","103A","Mens"
"A. JAMES CLARK HALL","6","6103B","103B","Mens"
"A. JAMES CLARK HALL","6","6103C","103C","Mens"
"A. JAMES CLARK HALL","6","6105","105","Womens"
"A. JAMES CLARK HALL","6","6105A","105A","Womens"
"A. JAMES CLARK HALL","6","6105B","105B","Womens"
"A. JAMES CLARK HALL","6","6105C","105C","Womens"
"A. JAMES CLARK HALL","6","6105D","105D","Womens"
"A.V. WILLIAMS BUILDING","1","1104","104","Mens"
"A.V. WILLIAMS BUILDING","1","1108","108","Womens"
"A.V. WILLIAMS BUILDING","1","1236","236","Womens"
"A.V. WILLIAMS BUILDING","1","1240","240","Mens"
"A.V. WILLIAMS BUILDING","1","1304","304","Mens"
"A.V. WILLIAMS BUILDING","1","1308","308","Womens"
"A.V. WILLIAMS BUILDING","1","1402","402","Mens"
"A.V. WILLIAMS BUILDING","1","1406","406","Womens"
"A.V. WILLIAMS BUILDING","2","2108","108","Mens"
"A.V. WILLIAMS BUILDING","2","2112","112","Womens"
"A.V. WILLIAMS BUILDING","2","2238","238","Womens"
"A.V. WILLIAMS BUILDING","2","2242","242","Mens"
"A.V. WILLIAMS BUILDING","2","2304","304","Mens"
"A.V. WILLIAMS BUILDING","2","2308","308","Womens"
"A.V. WILLIAMS BUILDING","2","2420","420","Mens"
"A.V. WILLIAMS BUILDING","2","2424","424","Womens"
"A.V. WILLIAMS BUILDING","3","3110","110","Mens"
"A.V. WILLIAMS BUILDING","3","3114","114","Womens"
"A.V. WILLIAMS BUILDING","3","3240","240","Womens"
"A.V. WILLIAMS BUILDING","3","3244","244","Mens"
"A.V. WILLIAMS BUILDING","3","3304","304","Mens"
"A.V. WILLIAMS BUILDING","3","3308","308","Womens"
"A.V. WILLIAMS BUILDING","3","3430","430","Mens"
"A.V. WILLIAMS BUILDING","3","3434","434","Womens"
"A.V. WILLIAMS BUILDING","4","4104","104","Mens"
"A.V. WILLIAMS BUILDING","4","4108","108","Womens"
"A.V. WILLIAMS BUILDING","4","4428","428","Mens"
"A.V. WILLIAMS BUILDING","4","4434","434","Womens"
"ANIMAL SCIENCES/AGRIC. ENGRG B","0","0137","137","Neutral"
"ANIMAL SCIENCES/AGRIC. ENGRG B","0","0374","374","Mens"
"ANIMAL SCIENCES/AGRIC. ENGRG B","0","0376","376","Womens"
"ANIMAL SCIENCES/AGRIC. ENGRG B","0","0416","416","Neutral"
"ANIMAL SCIENCES/AGRIC. ENGRG B","0","0420","420","Neutral"
"ANIMAL SCIENCES/AGRIC. ENGRG B","0","0524","524","Womens"
"ANIMAL SCIENCES/AGRIC. ENGRG B","0","0528","528","Mens"
"ANIMAL SCIENCES/AGRIC. ENGRG B","0","0531","531","Mens"
"ANIMAL SCIENCES/AGRIC. ENGRG B","1","1143","143","Mens"
"ANIMAL SCIENCES/AGRIC. ENGRG B","1","1145","145","Womens"
"ANIMAL SCIENCES/AGRIC. ENGRG B","1","1345","345","Mens"
"ANIMAL SCIENCES/AGRIC. ENGRG B","1","1345A","345A","Mens"
"ANIMAL SCIENCES/AGRIC. ENGRG B","1","1349","349","Womens"
"ANIMAL SCIENCES/AGRIC. ENGRG B","1","1349A","349A","Womens"
"ANIMAL SCIENCES/AGRIC. ENGRG B","1","1402","402","Womens"
"ANIMAL SCIENCES/AGRIC. ENGRG B","1","1404","404","Neutral"
"ANIMAL SCIENCES/AGRIC. ENGRG B","1","1416","416","Neutral"
"ANIMAL SCIENCES/AGRIC. ENGRG B","1","1418","418","Neutral"
"ANIMAL SCIENCES/AGRIC. ENGRG B","2","2143","143","Mens"
"ANIMAL SCIENCES/AGRIC. ENGRG B","2","2403","403","Neutral"
"ANIMAL SCIENCES/AGRIC. ENGRG B","2","2405","405","Neutral"
"ANIMAL SCIENCES/AGRIC. ENGRG B","3","3143","143","Womens"
"ANIMAL SCIENCES/AGRIC. ENGRG B","3","3143A","143A","Womens"
"ANIMAL SCIENCES/AGRIC. ENGRG B","3","3143B","143B","Womens"
"ANIMAL SCIENCES/AGRIC. ENGRG B","4","4143","143","Mens"
"ANIMAL SCIENCES/AGRIC. ENGRG B","4","4143A","143A","Mens"
"ANIMAL SCIENCES/AGRIC. ENGRG B","4","4143B","143B","Mens"
"ANNAPOLIS HALL","1","1103","103","Mens"
"ANNAPOLIS HALL","1","1104","104","Womens"
"ANNE ARUNDEL HALL","0","0110","110","Mens"
"ANNE ARUNDEL HALL","0","0112","112","Womens"
"ANNE ARUNDEL HALL","1","1108","108","Neutral"
"ANNE ARUNDEL HALL","1","1110","110","Neutral"
"AQUATIC CENTER","1","1202A","202A","Womens"
"AQUATIC CENTER","1","1204A","204A","Mens"
"ARBORETUM OUTREACH CENTER","1","1103","103","Neutral"
"ARCHITECTURE BUILDING","0","0103","103","Mens"
"ARCHITECTURE BUILDING","0","0109","109","Womens"
"ARCHITECTURE BUILDING","0","0200","200","Mens"
"ARCHITECTURE BUILDING","0","0214","214","Womens"
"ARCHITECTURE BUILDING","1","1109","109","Womens"
"ARCHITECTURE BUILDING","1","1113","113","Mens"
"ARCHITECTURE BUILDING","1","1202","202","Mens"
"ARCHITECTURE BUILDING","1","1203","203","Womens"
"ART HOUGHTON JR. OFFICE LAB","1","1144","144","Womens"
"ART HOUGHTON JR. OFFICE LAB","1","1144A","144A","Womens"
"ART HOUGHTON JR. OFFICE LAB","1","1144B","144B","Womens"
"ART HOUGHTON JR. OFFICE LAB","1","1145","145","Mens"
"ART HOUGHTON JR. OFFICE LAB","1","1145A","145A","Mens"
"ARTEMESIA BUILDING","1","1141","141","Mens"
"ARTEMESIA BUILDING","1","1142","142","Womens"
"ARTEMESIA BUILDING","1","1152","152","Neutral"
"ARTEMESIA BUILDING","2","2244","244","Womens"
"ARTEMESIA BUILDING","2","2244A","244A","Womens"
"ARTEMESIA BUILDING","2","2254","254","Mens"
"ARTEMESIA BUILDING","2","2254A","254A","Mens"
"ARTEMESIA BUILDING","2","2256","256","Neutral"
"ARTEMESIA BUILDING","2","2256A","256A","Neutral"
"ARTEMESIA BUILDING","3","3344","344","Womens"
"ARTEMESIA BUILDING","3","3344A","344A","Womens"
"ARTEMESIA BUILDING","3","3354","354","Mens"
"ARTEMESIA BUILDING","3","3354A","354A","Mens"
"ARTEMESIA BUILDING","3","3356","356","Neutral"
"ASTRONOMICAL OBSERVATORY","1","1102","102","Neutral"
"ASTRONOMY LECTURE BUILDING","1","1100B","100B","Womens"
"ASTRONOMY LECTURE BUILDING","1","1100C","100C","Mens"
"ATLANTIC BUILDING","0","0217","217","Womens"
"ATLANTIC BUILDING","0","0221","221","Mens"
"ATLANTIC BUILDING","0","0303","303","Mens"
"ATLANTIC BUILDING","0","0306","306","Womens"
"ATLANTIC BUILDING","1","1120","120","Womens"
"ATLANTIC BUILDING","1","1124","124","Neutral"
"ATLANTIC BUILDING","1","1217","217","Womens"
"ATLANTIC BUILDING","1","1221","221","Mens"
"ATLANTIC BUILDING","1","1323","323","Womens"
"ATLANTIC BUILDING","1","1325","325","Mens"
"ATLANTIC BUILDING","1","1414","414","Womens"
"ATLANTIC BUILDING","1","1438","438","Mens"
"ATLANTIC BUILDING","2","2120","120","Neutral"
"ATLANTIC BUILDING","2","2124","124","Neutral"
"ATLANTIC BUILDING","2","2217","217","Womens"
"ATLANTIC BUILDING","2","2221","221","Mens"
"ATLANTIC BUILDING","2","2323","323","Womens"
"ATLANTIC BUILDING","2","2325","325","Mens"
"ATLANTIC BUILDING","2","2406","406","Womens"
"ATLANTIC BUILDING","2","2442","442","Mens"
"ATLANTIC BUILDING","3","3120","120","Neutral"
"ATLANTIC BUILDING","3","3124","124","Neutral"
"ATLANTIC BUILDING","3","3217","217","Womens"
"ATLANTIC BUILDING","3","3221","221","Mens"
"ATLANTIC BUILDING","3","3321","321","Womens"
"ATLANTIC BUILDING","3","3325","325","Mens"
"ATLANTIC BUILDING","3","3406","406","Womens"
"ATLANTIC BUILDING","3","3442","442","Mens"
"ATLANTIC BUILDING","4","4120","120","Womens"
"ATLANTIC BUILDING","4","4124","124","Neutral"
"ATLANTIC BUILDING","4","4217","217","Womens"
"ATLANTIC BUILDING","4","4221","221","Mens"
"ATLANTIC BUILDING","4","4321","321","Womens"
"ATLANTIC BUILDING","4","4325","325","Mens"
"ATLANTIC BUILDING","4","4410","410","Womens"
"ATLANTIC BUILDING","4","4452","452","Mens"
"ATLANTIC BUILDING","B0","B0219","219","Neutral"
"AVRUM GUDELSKY VETERINARY CENT","1","1100","100","Neutral"
"AVRUM GUDELSKY VETERINARY CENT","1","1102","102","Neutral"
"AVRUM GUDELSKY VETERINARY CENT","1","1133","133","Womens"
"AVRUM GUDELSKY VETERINARY CENT","1","1133A","133A","Womens"
"AVRUM GUDELSKY VETERINARY CENT","1","1133B","133B","Womens"
"AVRUM GUDELSKY VETERINARY CENT","1","1133C","133C","Womens"
"AVRUM GUDELSKY VETERINARY CENT","1","1133D","133D","Womens"
"AVRUM GUDELSKY VETERINARY CENT","1","1135","135","Mens"
"AVRUM GUDELSKY VETERINARY CENT","1","1135A","135A","Mens"
"AVRUM GUDELSKY VETERINARY CENT","1","1135B","135B","Mens"
"AVRUM GUDELSKY VETERINARY CENT","1","1135C","135C","Mens"
"AVRUM GUDELSKY VETERINARY CENT","1","1212","212","Mens"
"AVRUM GUDELSKY VETERINARY CENT","1","1214","214","Womens"
"AVRUM GUDELSKY VETERINARY CENT","1","1429","429","Womens"
"AVRUM GUDELSKY VETERINARY CENT","1","1429A","429A","Womens"
"AVRUM GUDELSKY VETERINARY CENT","1","1431","431","Mens"
"AVRUM GUDELSKY VETERINARY CENT","1","1431A","431A","Mens"
"BEL AIR HALL","1","1108A","108A","Neutral"
"BEL AIR HALL","1","1110A","110A","Neutral"
"BENJAMIN BUILDING","0","0118","118","Womens"
"BENJAMIN BUILDING","0","0310","310","Mens"
"BENJAMIN BUILDING","1","1118","118","Mens"
"BENJAMIN BUILDING","1","1310","310","Womens"
"BENJAMIN BUILDING","2","2118","118","Womens"
"BENJAMIN BUILDING","2","2310","310","Mens"
"BENJAMIN BUILDING","3","3118","118","Mens"
"BENJAMIN BUILDING","3","3310","310","Womens"
"BENJAMIN BUILDING","4","4108","108","Family"
"BIOLOGY-PSYCHOLOGY BUILDING","0","0117","117","Mens"
"BIOLOGY-PSYCHOLOGY BUILDING","0","0119","119","Womens"
"BIOLOGY-PSYCHOLOGY BUILDING","0","0282","282","Womens"
"BIOLOGY-PSYCHOLOGY BUILDING","1","1117","117","Mens"
"BIOLOGY-PSYCHOLOGY BUILDING","1","1119","119","Womens"
"BIOLOGY-PSYCHOLOGY BUILDING","1","1218","218","Womens"
"BIOLOGY-PSYCHOLOGY BUILDING","1","1241","241","Mens"
"BIOLOGY-PSYCHOLOGY BUILDING","2","2117","117","Mens"
"BIOLOGY-PSYCHOLOGY BUILDING","2","2119","119","Womens"
"BIOLOGY-PSYCHOLOGY BUILDING","2","2241","241","Mens"
"BIOLOGY-PSYCHOLOGY BUILDING","2","2282","282","Womens"
"BIOLOGY-PSYCHOLOGY BUILDING","3","3117","117","Mens"
"BIOLOGY-PSYCHOLOGY BUILDING","3","3119","119","Womens"
"BIOLOGY-PSYCHOLOGY BUILDING","3","3241","241","Mens"
"BIOLOGY-PSYCHOLOGY BUILDING","3","3282","282","Womens"
"BIOLOGY-PSYCHOLOGY BUILDING","4","4117","117","Mens"
"BIOLOGY-PSYCHOLOGY BUILDING","4","4119","119","Womens"
"BIOLOGY-PSYCHOLOGY BUILDING","4","4241","241","Mens"
"BIOLOGY-PSYCHOLOGY BUILDING","4","4282","282","Womens"
"BIOLOGY-PSYCHOLOGY BUILDING","B0","B0123","123","Mens"
"BIOLOGY-PSYCHOLOGY BUILDING","B0","B0125","125","Womens"
"BIOMOLECULAR SCIENCES BUILDING","1","1108","108","Mens"
"BIOMOLECULAR SCIENCES BUILDING","1","1112","112","Womens"
"BIOMOLECULAR SCIENCES BUILDING","2","2108","108","Mens"
"BIOMOLECULAR SCIENCES BUILDING","2","2112","112","Womens"
"BIOMOLECULAR SCIENCES BUILDING","3","3108","108","Mens"
"BIOMOLECULAR SCIENCES BUILDING","3","3112","112","Womens"
"BIOSCIENCE RESEARCH BUILDING","0","0104","104","Womens"
"BIOSCIENCE RESEARCH BUILDING","0","0108","108","Mens"
"BIOSCIENCE RESEARCH BUILDING","0","0202","202","Womens"
"BIOSCIENCE RESEARCH BUILDING","0","0204","204","Mens"
"BIOSCIENCE RESEARCH BUILDING","1","1202","202","Womens"
"BIOSCIENCE RESEARCH BUILDING","1","1204","204","Mens"
"BIOSCIENCE RESEARCH BUILDING","2","2202","202","Womens"
"BIOSCIENCE RESEARCH BUILDING","2","2204","204","Mens"
"BIOSCIENCE RESEARCH BUILDING","3","3202","202","Womens"
"BIOSCIENCE RESEARCH BUILDING","3","3204","204","Mens"
"BOB ""TURTLE"" SMITH STADIUM AT ","1","1103","103","Mens"
"BOB ""TURTLE"" SMITH STADIUM AT ","1","1104","104","Womens"
"BRENDAN IRIBE CENTER","0","0109","109","Neutral"
"BRENDAN IRIBE CENTER","0","0115","115","Womens"
"BRENDAN IRIBE CENTER","0","0119","119","Mens"
"BRENDAN IRIBE CENTER","0","0314","314","Neutral"
"BRENDAN IRIBE CENTER","1","1215","215","Womens"
"BRENDAN IRIBE CENTER","1","1219","219","Mens"
"BRENDAN IRIBE CENTER","2","2215","215","Womens"
"BRENDAN IRIBE CENTER","2","2219","219","Mens"
"BRENDAN IRIBE CENTER","3","3215","215","Womens"
"BRENDAN IRIBE CENTER","3","3219","219","Mens"
"BRENDAN IRIBE CENTER","4","4215","215","Womens"
"BRENDAN IRIBE CENTER","4","4219","219","Mens"
"BRENDAN IRIBE CENTER","5","5215","215","Womens"
"BRENDAN IRIBE CENTER","5","5219","219","Mens"
"BRENDAN IRIBE CENTER","6","6252","252","Neutral"
"CALVERT HALL","0","0222","222","Neutral"
"CAMBRIDGE COMMUNITY CENTER","1","1104","104","Womens"
"CAMBRIDGE COMMUNITY CENTER","1","1106","106","Mens"
"CAMBRIDGE COMMUNITY CENTER","1","1207","207","Womens"
"CAMBRIDGE COMMUNITY CENTER","1","1211","211","Mens"
"CAROLINE HALL","0","0103","103","Mens"
"CAROLINE HALL","0","0112","112","Womens"
"CAROLINE HALL","0","0122","122","Mens"
"CENTRAL MD OFFICE","1","1102","102","Womens"
"CENTRAL MD OFFICE","1","1106","106","Mens"
"CENTRAL MD OFFICE ANNEX","1","1101","101","Neutral"
"CENTRAL MD OFFICE ANNEX","1","1103","103","Neutral"
"CENTREVILLE HALL","0","0109G","109G","Womens"
"CENTREVILLE HALL","0","0200C","200C","Womens"
"CENTREVILLE HALL","0","0200E","200E","Mens"
"CENTREVILLE HALL","1","1114","114","Neutral"
"CHEMICAL & NUCLEAR ENGINEERING","1","1122","122","Mens"
"CHEMICAL & NUCLEAR ENGINEERING","1","1122A","122A","Mens"
"CHEMICAL & NUCLEAR ENGINEERING","1","1131","131","Womens"
"CHEMICAL & NUCLEAR ENGINEERING","1","1200","200","Mens"
"CHEMICAL & NUCLEAR ENGINEERING","1","1204","204","Womens"
"CHEMICAL & NUCLEAR ENGINEERING","2","2128","128","Mens"
"CHEMICAL & NUCLEAR ENGINEERING","2","2131","131","Mens"
"CHEMICAL & NUCLEAR ENGINEERING","2","2131A","131A","Mens"
"CHEMICAL & NUCLEAR ENGINEERING","2","2137","137","Womens"
"CHEMICAL & NUCLEAR ENGINEERING","2","2137A","137A","Womens"
"CHEMICAL & NUCLEAR ENGINEERING","2","2137B","137B","Womens"
"CHEMISTRY BUILDING","0","0116","116","Mens"
"CHEMISTRY BUILDING","0","0120","120","Womens"
"CHEMISTRY BUILDING","0","0406","406","Mens"
"CHEMISTRY BUILDING","0","0409","409","Womens"
"CHEMISTRY BUILDING","0","0509","509","Mens"
"CHEMISTRY BUILDING","1","1116","116","Mens"
"CHEMISTRY BUILDING","1","1120","120","Womens"
"CHEMISTRY BUILDING","1","1202","202","Mens"
"CHEMISTRY BUILDING","1","1232","232","Womens"
"CHEMISTRY BUILDING","1","1324","324","Womens"
"CHEMISTRY BUILDING","1","1352","352","Mens"
"CHEMISTRY BUILDING","1","1405","405","Mens"
"CHEMISTRY BUILDING","1","1409","409","Womens"
"CHEMISTRY BUILDING","1","1509","509","Mens"
"CHEMISTRY BUILDING","2","2116","116","Mens"
"CHEMISTRY BUILDING","2","2120","120","Womens"
"CHEMISTRY BUILDING","2","2202","202","Womens"
"CHEMISTRY BUILDING","2","2234","234","Mens"
"CHEMISTRY BUILDING","2","2324","324","Womens"
"CHEMISTRY BUILDING","2","2369","369","Mens"
"CHEMISTRY BUILDING","2","2509","509","Womens"
"CHEMISTRY BUILDING","3","3116","116","Mens"
"CHEMISTRY BUILDING","3","3120","120","Womens"
"CHEMISTRY BUILDING","3","3202","202","Mens"
"CHEMISTRY BUILDING","3","3234","234","Womens"
"CHEMISTRY BUILDING","3","3324","324","Womens"
"CHEMISTRY BUILDING","3","3375","375","Mens"
"CHEMISTRY BUILDING","3","3509","509","Mens"
"CHEMISTRY BUILDING","4","4116","116","Mens"
"CHEMISTRY BUILDING","4","4120","120","Womens"
"CHEMISTRY BUILDING","4","4509","509","Womens"
"CHEMISTRY BUILDING","B0","B0116","116","Mens"
"CHEMISTRY BUILDING","B0","B0120","120","Womens"
"CHEMISTRY BUILDING","B0","B0202","202","Neutral"
"CHEMISTRY BUILDING","B0","B0202A","202A","Neutral"
"CHEMISTRY BUILDING","B0","B0202B","202B","Neutral"
"CHEMISTRY BUILDING","B0","B0204","204","Neutral"
"CHESAPEAKE BUILDING","1","1105","105","Womens"
"CHESAPEAKE BUILDING","1","1105A","105A","Womens"
"CHESAPEAKE BUILDING","1","1111","111","Mens"
"CHESAPEAKE BUILDING","1","1111A","111A","Mens"
"CHESAPEAKE BUILDING","2","2105","105","Womens"
"CHESAPEAKE BUILDING","2","2105A","105A","Womens"
"CHESAPEAKE BUILDING","2","2111","111","Mens"
"CHESAPEAKE BUILDING","2","2111A","111A","Mens"
"CHESAPEAKE BUILDING","3","3105","105","Womens"
"CHESAPEAKE BUILDING","3","3105A","105A","Womens"
"CHESAPEAKE BUILDING","3","3111","111","Mens"
"CHESAPEAKE BUILDING","3","3111A","111A","Mens"
"CHESAPEAKE BUILDING","4","4105","105","Womens"
"CHESAPEAKE BUILDING","4","4105A","105A","Womens"
"CHESAPEAKE BUILDING","4","4111","111","Mens"
"CHESAPEAKE BUILDING","4","4111A","111A","Mens"
"CHESTERTOWN HALL","0","0119","119","Neutral"
"CHESTERTOWN HALL","0","0121A","121A","Neutral"
"CHESTERTOWN HALL","1","1106A","106A","Neutral"
"CHESTERTOWN HALL","1","1108A","108A","Neutral"
"CHINCOTEAGUE HALL","1","1108","108","Mens"
"CHINCOTEAGUE HALL","1","1112","112","Womens"
"CHINCOTEAGUE HALL","2","2108","108","Family"
"CHINCOTEAGUE HALL","2","2108A","108A","Family"
"CHINCOTEAGUE HALL","2","2112","112","Womens"
"CHINCOTEAGUE HALL","3","3112","112","Mens"
"CHINCOTEAGUE HALL","4","4112","112","Womens"
"CLARENCE M. MITCHELL, JR. BUIL","0","0111","111","Womens"
"CLARENCE M. MITCHELL, JR. BUIL","0","0121","121","Mens"
"CLARENCE M. MITCHELL, JR. BUIL","1","1111","111","Womens"
"CLARENCE M. MITCHELL, JR. BUIL","1","1121","121","Mens"
"CLARENCE M. MITCHELL, JR. BUIL","2","2111","111","Womens"
"CLARENCE M. MITCHELL, JR. BUIL","2","2121","121","Mens"
"CLARENCE M. MITCHELL, JR. BUIL","3","3110","110","Womens"
"CLARENCE M. MITCHELL, JR. BUIL","3","3121","121","Neutral"
"CLARICE SMITH PERFORMING ARTS ","1","1216","216","Mens"
"CLARICE SMITH PERFORMING ARTS ","1","1217","217","Womens"
"CLARICE SMITH PERFORMING ARTS ","1","1460","460","Womens"
"CLARICE SMITH PERFORMING ARTS ","1","1464","464","Mens"
"CLARICE SMITH PERFORMING ARTS ","1","1608","608","Mens"
"CLARICE SMITH PERFORMING ARTS ","1","1705","705","Womens"
"CLARICE SMITH PERFORMING ARTS ","1","1709","709","Mens"
"CLARICE SMITH PERFORMING ARTS ","1","1716","716","Womens"
"CLARICE SMITH PERFORMING ARTS ","1","1900B","900B","Womens"
"CLARICE SMITH PERFORMING ARTS ","1","1900C","900C","Womens"
"CLARICE SMITH PERFORMING ARTS ","1","1904A","904A","Mens"
"CLARICE SMITH PERFORMING ARTS ","1","1904B","904B","Mens"
"CLARICE SMITH PERFORMING ARTS ","2","2169","169","Mens"
"CLARICE SMITH PERFORMING ARTS ","2","2302","302","Mens"
"CLARICE SMITH PERFORMING ARTS ","2","2304","304","Womens"
"CLARICE SMITH PERFORMING ARTS ","2","2522","522","Neutral"
"CLARICE SMITH PERFORMING ARTS ","2","2524","524","Neutral"
"CLARICE SMITH PERFORMING ARTS ","2","2606","606","Neutral"
"CLARICE SMITH PERFORMING ARTS ","2","2608","608","Womens"
"CLARICE SMITH PERFORMING ARTS ","2","2724","724","Mens"
"CLARICE SMITH PERFORMING ARTS ","2","2726","726","Womens"
"CLARICE SMITH PERFORMING ARTS ","3","3102","102","Mens"
"CLARICE SMITH PERFORMING ARTS ","3","3103","103","Womens"
"CLARICE SMITH PERFORMING ARTS ","3","3169","169","Womens"
"CLARICE SMITH PERFORMING ARTS ","3","3733","733","Mens"
"CLARICE SMITH PERFORMING ARTS ","3","3735","735","Womens"
"CLARKSVILLE OFFICE","1","1102","102","Mens"
"CLARKSVILLE OFFICE","1","1104","104","Womens"
"COLE STUDENT ACTIVITIES BUILDI","0","0209","209","Mens"
"COLE STUDENT ACTIVITIES BUILDI","0","0210","210","Womens"
"COLE STUDENT ACTIVITIES BUILDI","1","1129","129","Womens"
"COLE STUDENT ACTIVITIES BUILDI","1","1129A","129A","Womens"
"COLE STUDENT ACTIVITIES BUILDI","1","1139","139","Mens"
"COLE STUDENT ACTIVITIES BUILDI","1","1141","141","Mens"
"COLE STUDENT ACTIVITIES BUILDI","3","3101","101","Mens"
"COLE STUDENT ACTIVITIES BUILDI","3","3102","102","Womens"
"COLLEGE PARK FIRE STATION","1","1121","121","Mens"
"COLLEGE PARK FIRE STATION","1","1123","123","Womens"
"COMPUTER SCIENCE INSTRUCTIONAL","1","1103","103","Womens"
"COMPUTER SCIENCE INSTRUCTIONAL","1","1105","105","Mens"
"COMPUTER SCIENCE INSTRUCTIONAL","2","2103","103","Womens"
"COMPUTER SCIENCE INSTRUCTIONAL","2","2105","105","Mens"
"COMPUTER SCIENCE INSTRUCTIONAL","3","3103","103","Womens"
"COMPUTER SCIENCE INSTRUCTIONAL","3","3105","105","Mens"
"COMPUTER SCIENCE INSTRUCTIONAL","4","4103","103","Womens"
"COMPUTER SCIENCE INSTRUCTIONAL","4","4105","105","Mens"
"CUMBERLAND HALL","0","0112","112","Womens"
"CUMBERLAND HALL","0","0124","124","Neutral"
"CUMBERLAND HALL","1","1116","116","Mens"
"CUMBERLAND HALL","1","1116A","116A","Mens"
"CUMBERLAND HALL","1","1126","126","Womens"
"CUMBERLAND HALL","1","1136","136","Womens"
"DENTON AREA DINING HALL","1","1108","108","Womens"
"DENTON AREA DINING HALL","1","1109","109","Mens"
"DENTON AREA DINING HALL","1","1134","134","Womens"
"DENTON AREA DINING HALL","1","1134A","134A","Womens"
"DENTON AREA DINING HALL","1","1136","136","Mens"
"DENTON AREA DINING HALL","1","1136A","136A","Mens"
"DENTON HALL","0","0110","110","Neutral"
"DENTON HALL","1","1128","128","Neutral"
"DORCHESTER HALL","0","0110","110","Womens"
"EASTON HALL","1","1119B","119B","Neutral"
"EASTON HALL","1","1123","123","Womens"
"EDWARD ST. JOHN LEARNING AND T","0","0112","112","Womens"
"EDWARD ST. JOHN LEARNING AND T","0","0114","114","Mens"
"EDWARD ST. JOHN LEARNING AND T","0","0116","116","Family"
"EDWARD ST. JOHN LEARNING AND T","0","0217","217","Mens"
"EDWARD ST. JOHN LEARNING AND T","0","0223","223","Womens"
"EDWARD ST. JOHN LEARNING AND T","0","0319","319","Mens"
"EDWARD ST. JOHN LEARNING AND T","0","0321","321","Womens"
"EDWARD ST. JOHN LEARNING AND T","1","1109","109","Neutral"
"EDWARD ST. JOHN LEARNING AND T","1","1111","111","Womens"
"EDWARD ST. JOHN LEARNING AND T","1","1112","112","Mens"
"EDWARD ST. JOHN LEARNING AND T","1","1203","203","Neutral"
"EDWARD ST. JOHN LEARNING AND T","1","1219","219","Mens"
"EDWARD ST. JOHN LEARNING AND T","1","1221","221","Womens"
"EDWARD ST. JOHN LEARNING AND T","1","1305","305","Womens"
"EDWARD ST. JOHN LEARNING AND T","1","1307","307","Mens"
"EDWARD ST. JOHN LEARNING AND T","2","2203","203","Mens"
"EDWARD ST. JOHN LEARNING AND T","2","2205","205","Womens"
"EDWARD ST. JOHN LEARNING AND T","2","2305","305","Mens"
"EDWARD ST. JOHN LEARNING AND T","2","2307","307","Womens"
"EDWARD ST. JOHN LEARNING AND T","B0","B0210","210","Neutral"
"ELKTON HALL","0","0100A","100A","Mens"
"ELKTON HALL","0","0100C","100C","Womens"
"ELKTON HALL","0","0115","115","Neutral"
"ELLICOTT AREA DINING HALL","1","1104","104","Mens"
"ELLICOTT AREA DINING HALL","1","1105","105","Womens"
"ELLICOTT AREA DINING HALL","1","1135","135","Womens"
"ELLICOTT AREA DINING HALL","1","1136","136","Mens"
"ELLICOTT HALL","0","0107","107","Womens"
"ELLICOTT HALL","0","0109","109","Mens"
"ELLICOTT HALL","1","1121","121","Neutral"
"ENERGY RESEARCH FACILITY","0","0106","106","Womens"
"ENERGY RESEARCH FACILITY","0","0108","108","Mens"
"ENERGY RESEARCH FACILITY","0","0123","123","Womens"
"ENERGY RESEARCH FACILITY","0","0125","125","Mens"
"ENERGY RESEARCH FACILITY","0","0213","213","Womens"
"ENERGY RESEARCH FACILITY","0","0217","217","Mens"
"ENERGY RESEARCH FACILITY","1","1213","213","Womens"
"ENERGY RESEARCH FACILITY","1","1217","217","Mens"
"ENGINEERING ANNEX","0","0102","102","Womens"
"ENGINEERING ANNEX","0","0104","104","Mens"
"ENGINEERING ANNEX","0","0201E","201E","Mens"
"ENGINEERING ANNEX","0","0201F","201F","Womens"
"ENGINEERING ANNEX","0","0304","304","Womens"
"ENGINEERING ANNEX","0","0306","306","Mens"
"ENGINEERING LABORATORY BUILDIN","1","1158","158","Mens"
"ENGINEERING LABORATORY BUILDIN","1","1160","160","Womens"
"ENGINEERING LABORATORY BUILDIN","1","1182","182","Mens"
"ENGINEERING LABORATORY BUILDIN","1","1182A","182A","Womens"
"EPPLEY RECREATION CENTER","0","0111","111","Mens"
"EPPLEY RECREATION CENTER","0","0117","117","Womens"
"EPPLEY RECREATION CENTER","0","0130A","130A","Mens"
"EPPLEY RECREATION CENTER","0","0130D","130D","Womens"
"EPPLEY RECREATION CENTER","1","1109","109","Neutral"
"EPPLEY RECREATION CENTER","1","1111","111","Neutral"
"EPPLEY RECREATION CENTER","1","1130A","130A","Womens"
"EPPLEY RECREATION CENTER","1","1130B","130B","Mens"
"EPPLEY RECREATION CENTER","2","2102","102","Womens"
"EPPLEY RECREATION CENTER","2","2109","109","Mens"
"FIELD HOCKEY AND LACROSSE COMP","1","1105","105","Womens"
"FIELD HOCKEY AND LACROSSE COMP","1","1106","106","Mens"
"FRANCIS SCOTT KEY HALL","0","0108","108","Womens"
"FRANCIS SCOTT KEY HALL","0","0112","112","Mens"
"FRANCIS SCOTT KEY HALL","1","1108","108","Mens"
"FRANCIS SCOTT KEY HALL","1","1114","114","Womens"
"FRANCIS SCOTT KEY HALL","2","2108","108","Womens"
"FRANCIS SCOTT KEY HALL","2","2112","112","Mens"
"FRANCIS SCOTT KEY HALL","3","3108","108","Mens"
"FRANCIS SCOTT KEY HALL","3","3112","112","Womens"
"GEOLOGY BUILDING","1","1101","101","Mens"
"GEOLOGY BUILDING","1","1125","125","Womens"
"GEOLOGY BUILDING","3","3101","101","Mens"
"GEOLOGY BUILDING","3","3101A","101A","Mens"
"GEOLOGY BUILDING","3","3125","125","Womens"
"GEOLOGY BUILDING","3","3125A","125A","Womens"
"GOLF COURSE CLUB HOUSE","0","0106A","106A","Womens"
"GOLF COURSE CLUB HOUSE","0","0107A","107A","Mens"
"GOLF COURSE CLUB HOUSE","0","0120C","120C","Mens"
"GOLF COURSE CLUB HOUSE","0","0120G","120G","Womens"
"GOLF COURSE CLUB HOUSE","1","1101","101","Mens"
"GOLF COURSE CLUB HOUSE","1","1103","103","Womens"
"GOLF COURSE TOILET FACILITY","1","1102","102","Womens"
"GOLF COURSE TOILET FACILITY","1","1103","103","Mens"
"GOSSETT FOOTBALL TEAM HOUSE","0","0109F","109F","Neutral"
"GOSSETT FOOTBALL TEAM HOUSE","1","1103","103","Womens"
"GOSSETT FOOTBALL TEAM HOUSE","1","1105","105","Mens"
"GOSSETT FOOTBALL TEAM HOUSE","1","1191A","191A","Womens"
"GOSSETT FOOTBALL TEAM HOUSE","1","1191B","191B","Mens"
"H.J. PATTERSON HALL","0","0218","218","Womens"
"H.J. PATTERSON HALL","0","0220","220","Mens"
"H.J. PATTERSON HALL","1","1111","111","Mens"
"H.J. PATTERSON HALL","1","1113","113","Womens"
"H.J. PATTERSON HALL","1","1218","218","Mens"
"H.J. PATTERSON HALL","2","2111","111","Neutral"
"H.J. PATTERSON HALL","2","2113","113","Womens"
"H.J. PATTERSON HALL","2","2218","218","Womens"
"H.J. PATTERSON HALL","3","3111","111","Mens"
"H.J. PATTERSON HALL","3","3113","113","Womens"
"H.J. PATTERSON HALL","3","3202","202","Womens"
"H.J. PATTERSON HALL","3","3226","226","Mens"
"HAGERSTOWN HALL","0","0105","105","Neutral"
"HAGERSTOWN HALL","0","0107A","107A","Womens"
"HAGERSTOWN HALL","0","0125","125","Womens"
"HAGERSTOWN HALL","1","1117","117","Womens"
"HAGERSTOWN HALL","1","1129","129","Womens"
"HARFORD HALL","B0","B0108D","108D","Mens"
"HEALTH CENTER","0","0135","135","Womens"
"HEALTH CENTER","0","0137","137","Mens"
"HEALTH CENTER","1","1140","140","Neutral"
"HEALTH CENTER","2","2141","141","Womens"
"HEALTH CENTER","2","2143","143","Mens"
"HORNBAKE LIBRARY","0","0102","102","Womens"
"HORNBAKE LIBRARY","0","0102A","102A","Womens"
"HORNBAKE LIBRARY","0","0104","104","Mens"
"HORNBAKE LIBRARY","0","0104A","104A","Mens"
"HORNBAKE LIBRARY","0","0210","210","Womens"
"HORNBAKE LIBRARY","0","0210A","210A","Womens"
"HORNBAKE LIBRARY","0","0212","212","Mens"
"HORNBAKE LIBRARY","0","0213","213","Mens"
"HORNBAKE LIBRARY","0","0213A","213A","Mens"
"HORNBAKE LIBRARY","0","0218","218","Womens"
"HORNBAKE LIBRARY","0","0219","219","Mens"
"HORNBAKE LIBRARY","1","1102","102","Womens"
"HORNBAKE LIBRARY","1","1102A","102A","Womens"
"HORNBAKE LIBRARY","1","1106","106","Mens"
"HORNBAKE LIBRARY","1","1106A","106A","Mens"
"HORNBAKE LIBRARY","1","1214","214","Womens"
"HORNBAKE LIBRARY","1","1217","217","Mens"
"HORNBAKE LIBRARY","2","2102","102","Womens"
"HORNBAKE LIBRARY","2","2104","104","Mens"
"HORNBAKE LIBRARY","2","2206","206","Mens"
"HORNBAKE LIBRARY","2","2207","207","Womens"
"HORNBAKE LIBRARY","2","2207A","207A","Womens"
"HORNBAKE LIBRARY","2","2212","212","Mens"
"HORNBAKE LIBRARY","2","2212A","212A","Mens"
"HORNBAKE LIBRARY","2","2215","215","Womens"
"HORNBAKE LIBRARY","2","2215A","215A","Womens"
"HORNBAKE LIBRARY","2","2215B","215B","Womens"
"HORNBAKE LIBRARY","3","3102","102","Womens"
"HORNBAKE LIBRARY","3","3102A","102A","Womens"
"HORNBAKE LIBRARY","3","3102B","102B","Womens"
"HORNBAKE LIBRARY","3","3104","104","Mens"
"HORNBAKE LIBRARY","3","3206","206","Mens"
"HORNBAKE LIBRARY","3","3207","207","Womens"
"HORNBAKE LIBRARY","3","3207A","207A","Womens"
"HORNBAKE LIBRARY","3","3212","212","Mens"
"HORNBAKE LIBRARY","3","3215","215","Womens"
"HORNBAKE LIBRARY","3","3215A","215A","Womens"
"HORNBAKE LIBRARY","3","3215B","215B","Womens"
"HORNBAKE LIBRARY","4","4104","104","Womens"
"HORNBAKE LIBRARY","4","4104A","104A","Neutral"
"HORNBAKE LIBRARY","4","4106","106","Mens"
"HORNBAKE LIBRARY","4","4206","206","Mens"
"HORNBAKE LIBRARY","4","4207","207","Womens"
"HORNBAKE LIBRARY","4","4207A","207A","Womens"
"HORNBAKE LIBRARY","4","4212","212","Mens"
"HORNBAKE LIBRARY","4","4215","215","Womens"
"HORNBAKE LIBRARY","4","4215A","215A","Womens"
"IBBR 1","0","0A-002","A-002","Neutral"
"IBBR 1","1","1A-141","A-141","Mens"
"IBBR 1","1","1A-142","A-142","Womens"
"IBBR 1","1","1B-102","B-102","Womens"
"IBBR 1","1","1B-103","B-103","Mens"
"IBBR 1","2","2A-211","A-211","Womens"
"IBBR 1","2","2A-212","A-212","Mens"
"IBBR 1","2","2B-202","B-202","Womens"
"IBBR 1","2","2B-203","B-203","Mens"
"IBBR 1","3","3B-302","B-302","Womens"
"IBBR 1","3","3B-303","B-303","Mens"
"IBBR 2","1","1205","205","Womens"
"IBBR 2","1","1209","209","Mens"
"IBBR 2","1","1231","231","Neutral"
"IBBR 2","2","2207","207","Womens"
"IBBR 2","2","2209","209","Mens"
"IBBR 2","3","3207","207","Womens"
"IBBR 2","3","3209","209","Mens"
"IBBR 2","4","4201","201","Neutral"
"IBBR 2","4","4203","203","Neutral"
"IBBR 2","4","4207","207","Womens"
"IBBR 2","4","4209","209","Mens"
"INSTITUTE FOR PHYSICAL SCIENCE","0","0103","103","Mens"
"INSTITUTE FOR PHYSICAL SCIENCE","1","1103","103","Neutral"
"INSTITUTE FOR PHYSICAL SCIENCE","2","2103","103","Womens"
"INSTITUTE FOR PHYSICAL SCIENCE","2","2111","111","Mens"
"J.M. PATTERSON BUILDING","1","1106","106","Womens"
"J.M. PATTERSON BUILDING","1","1106A","106A","Womens"
"J.M. PATTERSON BUILDING","1","1107","107","Mens"
"J.M. PATTERSON BUILDING","1","1232","232","Womens"
"J.M. PATTERSON BUILDING","1","1232A","232A","Womens"
"J.M. PATTERSON BUILDING","1","1234","234","Mens"
"J.M. PATTERSON BUILDING","2","2232","232","Womens"
"J.M. PATTERSON BUILDING","2","2232A","232A","Womens"
"J.M. PATTERSON BUILDING","2","2234","234","Mens"
"J.M. PATTERSON BUILDING","3","3232","232","Womens"
"J.M. PATTERSON BUILDING","3","3232A","232A","Womens"
"J.M. PATTERSON BUILDING","3","3234","234","Mens"
"JIMENEZ HALL","0","0113","113","Mens"
"JIMENEZ HALL","0","0210","210","Mens"
"JIMENEZ HALL","0","0211","211","Womens"
"JIMENEZ HALL","1","1113","113","Mens"
"JIMENEZ HALL","1","1210","210","Womens"
"JIMENEZ HALL","2","2113","113","Womens"
"JIMENEZ HALL","2","2208","208","Mens"
"JIMENEZ HALL","3","3113","113","Mens"
"JIMENEZ HALL","3","3208","208","Womens"
"JIMENEZ HALL","4","4113","113","Womens"
"JIMENEZ HALL","4","4208","208","Mens"
"JOHN S. TOLL PHYSICS BUILDING","0","0215","215","Neutral"
"JOHN S. TOLL PHYSICS BUILDING","0","0215A","215A","Womens"
"JOHN S. TOLL PHYSICS BUILDING","0","0215B","215B","Mens"
"JOHN S. TOLL PHYSICS BUILDING","1","1131","131","Womens"
"JOHN S. TOLL PHYSICS BUILDING","1","1215","215","Mens"
"JOHN S. TOLL PHYSICS BUILDING","1","1318","318","Womens"
"JOHN S. TOLL PHYSICS BUILDING","1","1401","401","Mens"
"JOHN S. TOLL PHYSICS BUILDING","1","1405","405","Womens"
"JOHN S. TOLL PHYSICS BUILDING","2","2131","131","Mens"
"JOHN S. TOLL PHYSICS BUILDING","2","2326","326","Mens"
"JOHN S. TOLL PHYSICS BUILDING","2","2328","328","Womens"
"JOHN S. TOLL PHYSICS BUILDING","3","3125","125","Mens"
"JOHN S. TOLL PHYSICS BUILDING","3","3215","215","Womens"
"JOHN S. TOLL PHYSICS BUILDING","3","3318","318","Mens"
"JOHN S. TOLL PHYSICS BUILDING","4","4215","215","Mens"
"JOHN S. TOLL PHYSICS BUILDING","4","4322","322","Womens"
"JULL HALL","1","1117","117","Mens"
"JULL HALL","1","1117A","117A","Womens"
"JULL HALL","2","2119","119","Mens"
"JULL HALL","2","2122","122","Womens"
"JULL HALL","2","2122A","122A","Womens"
"KEHOE TRACK AT LUDWIG FIELD","1","1101","101","Womens"
"KEHOE TRACK AT LUDWIG FIELD","1","1102","102","Mens"
"KIM ENGINEERING BUILDING","1","1101","101","Womens"
"KIM ENGINEERING BUILDING","1","1103","103","Mens"
"KIM ENGINEERING BUILDING","2","2101","101","Womens"
"KIM ENGINEERING BUILDING","2","2103","103","Mens"
"KIM ENGINEERING BUILDING","3","3101","101","Womens"
"KIM ENGINEERING BUILDING","3","3103","103","Mens"
"KNIGHT HALL","1","1102","102","Womens"
"KNIGHT HALL","1","1104","104","Family"
"KNIGHT HALL","1","1106","106","Mens"
"KNIGHT HALL","2","2102","102","Mens"
"KNIGHT HALL","2","2106","106","Womens"
"KNIGHT HALL","3","3102","102","Mens"
"KNIGHT HALL","3","3106","106","Womens"
"LA PLATA HALL","0","0105","105","Neutral"
"LA PLATA HALL","0","0107","107","Neutral"
"LA PLATA HALL","0","0123","123","Neutral"
"LA PLATA HALL","0","0125","125","Neutral"
"LA PLATA HALL","1","1129","129","Neutral"
"LABORATORY FOR PHYSICAL SCIENC","0","0326","326","Womens"
"LABORATORY FOR PHYSICAL SCIENC","0","0326A","326A","Womens"
"LABORATORY FOR PHYSICAL SCIENC","0","0328","328","Mens"
"LABORATORY FOR PHYSICAL SCIENC","0","0328A","328A","Mens"
"LABORATORY FOR PHYSICAL SCIENC","1","1116","116","Womens"
"LABORATORY FOR PHYSICAL SCIENC","1","1120","120","Mens"
"LABORATORY FOR PHYSICAL SCIENC","1","1325","325","Mens"
"LABORATORY FOR PHYSICAL SCIENC","1","1329","329","Womens"
"LEE BUILDING","0","0104","104","Mens"
"LEE BUILDING","0","0130","130","Womens"
"LEE BUILDING","0","0130A","130A","Womens"
"LEE BUILDING","1","1104","104","Mens"
"LEE BUILDING","1","1130","130","Womens"
"LEE BUILDING","1","1130A","130A","Womens"
"LEE BUILDING","2","2104","104","Womens"
"LEE BUILDING","2","2130","130","Mens"
"LEE BUILDING","3","3104","104","Mens"
"LEE BUILDING","3","3130","130","Womens"
"LEE BUILDING","3","3130A","130A","Womens"
"LEFRAK HALL","0","0101","101","Womens"
"LEFRAK HALL","0","0109","109","Mens"
"LEFRAK HALL","0","0121","121","Neutral"
"LEFRAK HALL","0","0206","206","Mens"
"LEFRAK HALL","0","0207","207","Womens"
"LEFRAK HALL","1","1101","101","Womens"
"LEFRAK HALL","1","1109","109","Mens"
"LEFRAK HALL","1","1212","212","Mens"
"LEFRAK HALL","1","1216","216","Womens"
"LEFRAK HALL","2","2101","101","Mens"
"LEFRAK HALL","2","2117","117","Womens"
"LEFRAK HALL","2","2117A","117A","Womens"
"LEFRAK HALL","2","2210","210","Womens"
"LEFRAK HALL","2","2210A","210A","Womens"
"LEFRAK HALL","2","2214","214","Mens"
"LEONARDTOWN COMMUNITY CENTER","1","1109","109","Womens"
"LEONARDTOWN COMMUNITY CENTER","1","1113","113","Mens"
"LEONARDTOWN OFFICE BUILDING","1","1101","101","Mens"
"LEONARDTOWN OFFICE BUILDING","1","1103","103","Womens"
"LEONARDTOWN OFFICE BUILDING","1","1119A","119A","Neutral"
"LEONARDTOWN OFFICE BUILDING","1","1201","201","Neutral"
"LEONARDTOWN OFFICE BUILDING","1","1203","203","Neutral"
"LOWER EASTERN SHORE OFFICE","1","1111","111","Mens"
"LOWER EASTERN SHORE OFFICE","1","1112","112","Womens"
"LOWER EASTERN SHORE OFFICE ANN","1","1105B","105B","Neutral"
"LOWER EASTERN SHORE OFFICE ANN","1","1105C","105C","Neutral"
"MAIN ADMINISTRATION BUILDING","0","0109","109","Womens"
"MAIN ADMINISTRATION BUILDING","0","0109A","109A","Womens"
"MAIN ADMINISTRATION BUILDING","0","0113","113","Mens"
"MAIN ADMINISTRATION BUILDING","1","1113","113","Mens"
"MAIN ADMINISTRATION BUILDING","1","1123","123","Womens"
"MAIN ADMINISTRATION BUILDING","2","2115","115","Neutral"
"MANUFACTURING BUILDING","0","0101J","101J","Mens"
"MANUFACTURING BUILDING","0","0101K","101K","Womens"
"MANUFACTURING BUILDING","0","0101L","101L","Mens"
"MARIE MOUNT HALL","0","0103","103","Womens"
"MARIE MOUNT HALL","0","0107","107","Mens"
"MARIE MOUNT HALL","1","1103","103","Womens"
"MARIE MOUNT HALL","1","1107","107","Mens"
"MARIE MOUNT HALL","1","1421","421","Womens"
"MARIE MOUNT HALL","1","1425","425","Mens"
"MARIE MOUNT HALL","2","2103","103","Womens"
"MARIE MOUNT HALL","2","2107","107","Neutral"
"MARIE MOUNT HALL","2","2421","421","Womens"
"MARIE MOUNT HALL","2","2425","425","Mens"
"MARIE MOUNT HALL","3","3103","103","Womens"
"MARIE MOUNT HALL","3","3107","107","Mens"
"MARIE MOUNT HALL","3","3421","421","Womens"
"MARIE MOUNT HALL","3","3425","425","Mens"
"MARTIN HALL","0","0113","113","Mens"
"MARTIN HALL","0","0117","117","Womens"
"MARTIN HALL","0","0141","141","Mens"
"MARTIN HALL","0","0145","145","Womens"
"MARTIN HALL","1","1113","113","Mens"
"MARTIN HALL","1","1117","117","Womens"
"MARTIN HALL","1","1167","167","Mens"
"MARTIN HALL","1","1171","171","Womens"
"MARTIN HALL","2","2111","111","Womens"
"MARTIN HALL","2","2115","115","Mens"
"MARTIN HALL","2","2163","163","Mens"
"MARTIN HALL","2","2167","167","Womens"
"MARTIN HALL","3","3113","113","Womens"
"MARTIN HALL","3","3117","117","Mens"
"MARTIN HALL","3","3165","165","Mens"
"MARTIN HALL","3","3169","169","Womens"
"MARYLAND SOFTBALL STADIUM","1","1106","106","Womens"
"MARYLAND SOFTBALL STADIUM","1","1107","107","Mens"
"MARYLAND SOFTBALL STADIUM","1","1108","108","Neutral"
"MARYLAND STADIUM BUILDING (UPP","1","1504","504","Womens"
"MARYLAND STADIUM BUILDING (UPP","1","1506","506","Mens"
"MARYLAND STADIUM BUILDING (UPP","1","1514","514","Mens"
"MARYLAND STADIUM BUILDING (UPP","1","1518","518","Neutral"
"MARYLAND STADIUM BUILDING (UPP","1","1520","520","Womens"
"MARYLAND STADIUM BUILDING (UPP","1","1524A","524A","Neutral"
"MARYLAND STADIUM BUILDING (UPP","2","2504","504","Mens"
"MARYLAND STADIUM BUILDING (UPP","2","2506","506","Womens"
"MARYLAND STADIUM BUILDING (UPP","2","2518","518","Neutral"
"MARYLAND STADIUM BUILDING (UPP","2","2520","520","Mens"
"MARYLAND STADIUM BUILDING (UPP","2","2522","522","Womens"
"MARYLAND STADIUM BUILDING (UPP","3","3504","504","Mens"
"MARYLAND STADIUM BUILDING (UPP","3","3510","510","Mens"
"MARYLAND STADIUM BUILDING (UPP","3","3512","512","Womens"
"MARYLAND STADIUM BUILDING (UPP","3","3514","514","Neutral"
"MARYLAND STADIUM BUILDING (UPP","3","3516","516","Womens"
"MARYLAND STADIUM BUILDING (UPP","3","3522","522","Mens"
"MARYLAND STADIUM CONCESSIONS 1","1","1100","100","Mens"
"MARYLAND STADIUM CONCESSIONS 1","1","1102","102","Womens"
"MARYLAND STADIUM CONCESSIONS 2","1","1102","102","Womens"
"MARYLAND STADIUM CONCESSIONS 3","1","1100","100","Mens"
"MARYLAND STADIUM CONCESSIONS 4","1","1210","210","Womens"
"MARYLAND STADIUM CONCESSIONS 4","1","1214","214","Mens"
"MARYLAND STADIUM CONCESSIONS 4","1","1216","216","Womens"
"MARYLAND STADIUM CONCESSIONS 4","1","1224","224","Mens"
"MARYLAND STADIUM CONCESSIONS 4","1","1226","226","Womens"
"MARYLAND STADIUM CONCESSIONS 4","1","1228","228","Womens"
"MARYLAND STADIUM CONCESSIONS 5","1","1410","410","Mens"
"MARYLAND STADIUM CONCESSIONS 5","1","1412","412","Womens"
"MARYLAND STADIUM CONCESSIONS 5","1","1414","414","Mens"
"MARYLAND STADIUM CONCESSIONS 5","1","1418","418","Womens"
"MARYLAND STADIUM CONCESSIONS 5","1","1420","420","Mens"
"MARYLAND STADIUM CONCESSIONS 6","1","1521","521","Mens"
"MARYLAND STADIUM CONCESSIONS 6","1","1523","523","Womens"
"MCKELDIN LIBRARY","1","1127","127","Mens"
"MCKELDIN LIBRARY","1","1127A","127A","Family"
"MCKELDIN LIBRARY","1","1129","129","Womens"
"MCKELDIN LIBRARY","1","1129A","129A","Womens"
"MCKELDIN LIBRARY","1","1203","203","Mens"
"MCKELDIN LIBRARY","1","1205","205","Womens"
"MCKELDIN LIBRARY","2","2121","121","Mens"
"MCKELDIN LIBRARY","2","2123","123","Womens"
"MCKELDIN LIBRARY","2","2203","203","Mens"
"MCKELDIN LIBRARY","2","2205","205","Womens"
"MCKELDIN LIBRARY","3","3107","107","Mens"
"MCKELDIN LIBRARY","3","3109","109","Womens"
"MCKELDIN LIBRARY","3","3109A","109A","Womens"
"MCKELDIN LIBRARY","3","3203","203","Mens"
"MCKELDIN LIBRARY","3","3205","205","Womens"
"MCKELDIN LIBRARY","4","4106","106","Mens"
"MCKELDIN LIBRARY","4","4110","110","Womens"
"MCKELDIN LIBRARY","4","4203","203","Mens"
"MCKELDIN LIBRARY","4","4205","205","Womens"
"MCKELDIN LIBRARY","5","5111","111","Mens"
"MCKELDIN LIBRARY","5","5113","113","Womens"
"MCKELDIN LIBRARY","5","5113A","113A","Womens"
"MCKELDIN LIBRARY","6","6110","110","Mens"
"MCKELDIN LIBRARY","6","6112","112","Womens"
"MCKELDIN LIBRARY","6","6203","203","Mens"
"MCKELDIN LIBRARY","6","6205","205","Womens"
"MCKELDIN LIBRARY","7","7112","112","Womens"
"MCKELDIN LIBRARY","7","7114","114","Mens"
"MCKELDIN LIBRARY","7","7203","203","Mens"
"MCKELDIN LIBRARY","7","7205","205","Womens"
"MCKELDIN LIBRARY","B0","B0101","101","Mens"
"MCKELDIN LIBRARY","B0","B0103","103","Womens"
"MCKELDIN LIBRARY","B0","B0205","205","Mens"
"MCKELDIN LIBRARY","B0","B0207","207","Womens"
"MEMORIAL CHAPEL","1","1104","104","Neutral"
"MEMORIAL CHAPEL","1","1111","111","Neutral"
"MEMORIAL CHAPEL","1","1114","114","Neutral"
"MEMORIAL CHAPEL","2","2104","104","Neutral"
"MEMORIAL CHAPEL","2","2114","114","Neutral"
"MFRI MAZE/STORAGE (LOWER EASTE","1","1100A","100A","Neutral"
"MFRI MAZE/STORAGE (LOWER EASTE","1","1100B","100B","Neutral"
"MFRI MAZE/STORAGE (NORTHEAST)","1","1100A","100A","Neutral"
"MFRI MAZE/STORAGE (NORTHEAST)","1","1100B","100B","Neutral"
"MFRI MAZE/STORAGE (W. MD)","1","1100A","100A","Neutral"
"MFRI MAZE/STORAGE (W. MD)","1","1100B","100B","Neutral"
"MFRI OFFICE/CLASSROOM BUILDING","1","1104","104","Womens"
"MFRI OFFICE/CLASSROOM BUILDING","1","1106","106","Mens"
"MFRI OFFICE/CLASSROOM BUILDING","1","1111C","111C","Mens"
"MFRI OFFICE/CLASSROOM BUILDING","1","1113D","113D","Womens"
"MFRI OFFICE/CLASSROOM BUILDING","1","1206","206","Womens"
"MFRI OFFICE/CLASSROOM BUILDING","1","1210","210","Mens"
"MFRI OFFICE/CLASSROOM BUILDING","2","2206","206","Womens"
"MFRI OFFICE/CLASSROOM BUILDING","2","2210","210","Mens"
"MFRI OFFICE/CLASSROOM BUILDING","1","1104","104","Womens"
"MFRI OFFICE/CLASSROOM BUILDING","1","1105","105","Mens"
"MFRI OFFICE/CLASSROOM BUILDING","1","1114","114","Neutral"
"MFRI OFFICE/CLASSROOM BUILDING","1","1115","115","Neutral"
"MFRI OFFICE/CLASSROOM BUILDING","1","1119A","119A","Neutral"
"MFRI OFFICE/CLASSROOM BUILDING","1","1119B","119B","Neutral"
"MFRI OFFICE/CLASSROOM BUILDING","1","1106","106","Neutral"
"MFRI OFFICE/CLASSROOM BUILDING","1","1108","108","Neutral"
"MFRI OFFICE/CLASSROOM BUILDING","1","1111A","111A","Neutral"
"MFRI OFFICE/CLASSROOM BUILDING","1","1111B","111B","Neutral"
"MFRI OFFICE/CLASSROOM BUILDING","1","1104","104","Womens"
"MFRI OFFICE/CLASSROOM BUILDING","1","1105","105","Mens"
"MFRI OFFICE/CLASSROOM BUILDING","1","1114","114","Neutral"
"MFRI OFFICE/CLASSROOM BUILDING","1","1115","115","Neutral"
"MFRI OFFICE/CLASSROOM BUILDING","1","1119","119","Neutral"
"MFRI OFFICE/CLASSROOM BUILDING","1","1120","120","Neutral"
"MFRI OFFICE/CLASSROOM BUILDING","1","1106","106","Neutral"
"MFRI OFFICE/CLASSROOM BUILDING","1","1108","108","Neutral"
"MFRI OFFICE/CLASSROOM BUILDING","1","1111A","111A","Neutral"
"MFRI OFFICE/CLASSROOM BUILDING","1","1111B","111B","Neutral"
"MFRI OFFICE/CLASSROOM BUILIDNG","1","1106","106","Neutral"
"MFRI OFFICE/CLASSROOM BUILIDNG","1","1108","108","Neutral"
"MFRI OFFICE/CLASSROOM BUILIDNG","1","1111A","111A","Neutral"
"MFRI OFFICE/CLASSROOM BUILIDNG","1","1111B","111B","Neutral"
"MICROBIOLOGY BUILDING","0","0120","120","Mens"
"MICROBIOLOGY BUILDING","0","0122","122","Womens"
"MICROBIOLOGY BUILDING","1","1120","120","Mens"
"MICROBIOLOGY BUILDING","1","1122","122","Womens"
"MICROBIOLOGY BUILDING","2","2120","120","Mens"
"MICROBIOLOGY BUILDING","2","2122","122","Womens"
"MICROBIOLOGY BUILDING","3","3132","132","Mens"
"MICROBIOLOGY BUILDING","3","3134","134","Womens"
"MORRILL HALL","0","0112","112","Neutral"
"MORRILL HALL","1","1108","108","Mens"
"MORRILL HALL","2","2108","108","Womens"
"MOWATT LANE SUBSTATION","1","1100A","100A","Neutral"
"NEUTRAL BUOYANCY RESEARCH FACI","2","2100A","100A","Mens"
"NEUTRAL BUOYANCY RESEARCH FACI","2","2100B","100B","Womens"
"NYUMBURU CULTURAL CENTER","0","0108","108","Neutral"
"NYUMBURU CULTURAL CENTER","0","0110","110","Neutral"
"NYUMBURU CULTURAL CENTER","0","0136","136","Womens"
"NYUMBURU CULTURAL CENTER","0","0138","138","Mens"
"NYUMBURU CULTURAL CENTER","1","1104","104","Mens"
"NYUMBURU CULTURAL CENTER","1","1106","106","Womens"
"OAKLAND HALL","0","0201","201","Mens"
"OAKLAND HALL","0","0203","203","Womens"
"OAKLAND HALL","0","0319","319","Womens"
"OAKLAND HALL","0","0321","321","Mens"
"OAKLAND HALL","1","1118","118","Neutral"
"OAKLAND HALL","2","2105","105","Neutral"
"OAKLAND HALL","3","3105","105","Neutral"
"OAKLAND HALL","4","4105","105","Neutral"
"OAKLAND HALL","5","5105","105","Neutral"
"OAKLAND HALL","6","6105","105","Neutral"
"OAKLAND HALL","7","7105","105","Neutral"
"OAKLAND HALL","8","8105","105","Neutral"
"PARREN J. MITCHELL ART-SOCIOLO","1","1301","301","Mens"
"PARREN J. MITCHELL ART-SOCIOLO","1","1303","303","Womens"
"PARREN J. MITCHELL ART-SOCIOLO","2","2109","109","Mens"
"PARREN J. MITCHELL ART-SOCIOLO","2","2113","113","Womens"
"PARREN J. MITCHELL ART-SOCIOLO","2","2301","301","Mens"
"PARREN J. MITCHELL ART-SOCIOLO","2","2303","303","Womens"
"PARREN J. MITCHELL ART-SOCIOLO","3","3113","113","Neutral"
"PARREN J. MITCHELL ART-SOCIOLO","3","3117","117","Womens"
"PARREN J. MITCHELL ART-SOCIOLO","3","3303","303","Mens"
"PARREN J. MITCHELL ART-SOCIOLO","3","3305","305","Womens"
"PARREN J. MITCHELL ART-SOCIOLO","4","4115","115","Mens"
"PARREN J. MITCHELL ART-SOCIOLO","4","4119","119","Womens"
"PARREN J. MITCHELL ART-SOCIOLO","4","4301","301","Mens"
"PARREN J. MITCHELL ART-SOCIOLO","4","4303","303","Womens"
"PATAPSCO BUILDING","1","1103","103","Womens"
"PATAPSCO BUILDING","1","1105","105","Mens"
"PATAPSCO BUILDING","1","1105A","105A","Mens"
"PATAPSCO BUILDING","1","1120","120","Neutral"
"PATAPSCO BUILDING","2","2103","103","Womens"
"PATAPSCO BUILDING","2","2105","105","Mens"
"PATAPSCO BUILDING","2","2105A","105A","Mens"
"PATUXENT BUILDING","0","0101","101","Mens"
"PATUXENT BUILDING","0","0103","103","Womens"
"PATUXENT BUILDING","1","1101","101","Mens"
"PATUXENT BUILDING","1","1105","105","Womens"
"PATUXENT BUILDING","2","2101","101","Mens"
"PATUXENT BUILDING","2","2105","105","Womens"
"PHYSICAL SCIENCES COMPLEX","0","0242","242","Mens"
"PHYSICAL SCIENCES COMPLEX","0","0246","246","Womens"
"PHYSICAL SCIENCES COMPLEX","0","0262","262","Neutral"
"PHYSICAL SCIENCES COMPLEX","1","1139","139","Womens"
"PHYSICAL SCIENCES COMPLEX","1","1141","141","Mens"
"PHYSICAL SCIENCES COMPLEX","2","2139","139","Womens"
"PHYSICAL SCIENCES COMPLEX","2","2141","141","Mens"
"PHYSICAL SCIENCES COMPLEX","3","3139","139","Womens"
"PHYSICAL SCIENCES COMPLEX","3","3141","141","Mens"
"PHYSICAL SCIENCES COMPLEX","B0","B0224","224","Womens"
"PHYSICAL SCIENCES COMPLEX","B0","B0226","226","Mens"
"PHYSICAL SCIENCES COMPLEX","SB0","SB0224","224","Womens"
"PHYSICAL SCIENCES COMPLEX","SB0","SB0226","226","Mens"
"PLANT SCIENCES BUILDING","0","0102","102","Womens"
"PLANT SCIENCES BUILDING","0","0106","106","Mens"
"PLANT SCIENCES BUILDING","1","1103","103","Womens"
"PLANT SCIENCES BUILDING","1","1107","107","Mens"
"PLANT SCIENCES BUILDING","1","1148","148","Mens"
"PLANT SCIENCES BUILDING","1","1150","150","Womens"
"PLANT SCIENCES BUILDING","2","2101","101","Womens"
"PLANT SCIENCES BUILDING","2","2105","105","Mens"
"PLANT SCIENCES BUILDING","2","2153","153","Womens"
"PLANT SCIENCES BUILDING","2","2155","155","Mens"
"PLANT SCIENCES BUILDING","3","3103","103","Womens"
"PLANT SCIENCES BUILDING","3","3111","111","Mens"
"PLANT SCIENCES BUILDING","3","3166B","166B","Neutral"
"PLANT SCIENCES BUILDING","3","3166C","166C","Neutral"
"PLANT SCIENCES BUILDING","4","4103","103","Womens"
"PLANT SCIENCES BUILDING","4","4111","111","Mens"
"PLANT SCIENCES BUILDING","4","4160","160","Neutral"
"PLANT SCIENCES BUILDING","4","4162","162","Neutral"
"PLANT SCIENCES BUILDING","5","5103","103","Womens"
"PLANT SCIENCES BUILDING","5","5105","105","Mens"
"PLANT SCIENCES BUILDING","5","5147","147","Neutral"
"PLANT SCIENCES BUILDING","6","6103","103","Womens"
"PLANT SCIENCES BUILDING","6","6105","105","Mens"
"PLANT SCIENCES BUILDING","6","6154","154","Womens"
"POCOMOKE BUILDING","0","0101","101","Neutral"
"PREINKERT HALL","1","1111","111","Mens"
"PREINKERT HALL","1","1114","114","Neutral"
"PREINKERT HALL","1","1119","119","Womens"
"PREINKERT HALL","1","1209","209","Neutral"
"PRINCE FREDERICK HALL","0","0104","104","Neutral"
"PRINCE FREDERICK HALL","0","0106","106","Mens"
"PRINCE FREDERICK HALL","0","0108","108","Womens"
"PRINCE FREDERICK HALL","1","1103","103","Mens"
"PRINCE FREDERICK HALL","1","1113","113","Womens"
"PRINCE FREDERICK HALL","1","1220","220","Neutral"
"PRINCE FREDERICK HALL","2","2203","203","Neutral"
"PRINCE FREDERICK HALL","2","2222","222","Womens"
"PRINCE FREDERICK HALL","2","2224","224","Neutral"
"PRINCE FREDERICK HALL","2","2226","226","Mens"
"PRINCE FREDERICK HALL","3","3203","203","Neutral"
"PRINCE FREDERICK HALL","3","3222","222","Womens"
"PRINCE FREDERICK HALL","3","3224","224","Neutral"
"PRINCE FREDERICK HALL","3","3226","226","Mens"
"PRINCE FREDERICK HALL","4","4203","203","Neutral"
"PRINCE FREDERICK HALL","4","4222","222","Womens"
"PRINCE FREDERICK HALL","4","4224","224","Neutral"
"PRINCE FREDERICK HALL","4","4226","226","Mens"
"PRINCE FREDERICK HALL","5","5203","203","Neutral"
"PRINCE FREDERICK HALL","5","5222","222","Womens"
"PRINCE FREDERICK HALL","5","5224","224","Neutral"
"PRINCE FREDERICK HALL","5","5226","226","Mens"
"PRINCE FREDERICK HALL","6","6203","203","Neutral"
"PRINCE FREDERICK HALL","6","6222","222","Womens"
"PRINCE FREDERICK HALL","6","6224","224","Neutral"
"PRINCE FREDERICK HALL","6","6226","226","Mens"
"PRINCE FREDERICK HALL","7","7203","203","Neutral"
"PRINCE FREDERICK HALL","7","7222","222","Womens"
"PRINCE FREDERICK HALL","7","7224","224","Neutral"
"PRINCE FREDERICK HALL","7","7226","226","Mens"
"RECKORD ARMORY","0","0101","101","Womens"
"RECKORD ARMORY","0","0111","111","Mens"
"RECKORD ARMORY","2","2115","115","Womens"
"RECKORD ARMORY","2","2117","117","Mens"
"RESEARCH GREENHOUSE","1","1106","106","Womens"
"RESEARCH GREENHOUSE","1","1108","108","Mens"
"RITCHIE COLISEUM","0","0104","104","Womens"
"RITCHIE COLISEUM","0","0105","105","Mens"
"RITCHIE COLISEUM","0","0108B","108B","Womens"
"RITCHIE COLISEUM","0","0109B","109B","Mens"
"RITCHIE COLISEUM","1","1106","106","Family"
"RITCHIE COLISEUM","2","2103","103","Womens"
"RITCHIE COLISEUM","2","2103A","103A","Womens"
"RITCHIE COLISEUM","2","2104","104","Mens"
"RITCHIE COLISEUM","2","2104A","104A","Mens"
"ROSSBOROUGH INN","1","1103","103","Neutral"
"SALISBURY SUPPORT","1","1101","101","Mens"
"SALISBURY SUPPORT","1","1103","103","Womens"
"SATELLITE CENTRAL UTILITIES BU","0","0101A","101A","Neutral"
"SATELLITE CENTRAL UTILITIES BU","1","1119","119","Womens"
"SATELLITE CENTRAL UTILITIES BU","1","1121","121","Mens"
"SATELLITE CENTRAL UTILITIES BU","0","0101C","101C","Mens"
"SCHOOL OF PUBLIC HEALTH BUILDI","0","0109","109","Womens"
"SCHOOL OF PUBLIC HEALTH BUILDI","0","0115","115","Mens"
"SCHOOL OF PUBLIC HEALTH BUILDI","0","0123","123","Mens"
"SCHOOL OF PUBLIC HEALTH BUILDI","0","0123A","123A","Mens"
"SCHOOL OF PUBLIC HEALTH BUILDI","0","0124","124","Womens"
"SCHOOL OF PUBLIC HEALTH BUILDI","0","0124A","124A","Womens"
"SCHOOL OF PUBLIC HEALTH BUILDI","0","0126C","126C","Womens"
"SCHOOL OF PUBLIC HEALTH BUILDI","0","0127","127","Neutral"
"SCHOOL OF PUBLIC HEALTH BUILDI","0","0130D","130D","Mens"
"SCHOOL OF PUBLIC HEALTH BUILDI","0","0309","309","Womens"
"SCHOOL OF PUBLIC HEALTH BUILDI","0","0313","313","Mens"
"SCHOOL OF PUBLIC HEALTH BUILDI","1","1120A","120A","Womens"
"SCHOOL OF PUBLIC HEALTH BUILDI","1","1120B","120B","Mens"
"SCHOOL OF PUBLIC HEALTH BUILDI","1","1238","238","Mens"
"SCHOOL OF PUBLIC HEALTH BUILDI","1","1240","240","Womens"
"SCHOOL OF PUBLIC HEALTH BUILDI","1","1309","309","Womens"
"SCHOOL OF PUBLIC HEALTH BUILDI","1","1311","311","Mens"
"SCHOOL OF PUBLIC HEALTH BUILDI","2","2117","117","Family"
"SCHOOL OF PUBLIC HEALTH BUILDI","2","2119","119","Womens"
"SCHOOL OF PUBLIC HEALTH BUILDI","2","2237","237","Mens"
"SCHOOL OF PUBLIC HEALTH BUILDI","2","2331","331","Mens"
"SCHOOL OF PUBLIC HEALTH BUILDI","2","2335","335","Womens"
"SCHOOL OF PUBLIC HEALTH BUILDI","3","3304","304","Womens"
"SCHOOL OF PUBLIC HEALTH BUILDI","3","3308","308","Mens"
"SENECA BUILDING","0","0105","105","Womens"
"SENECA BUILDING","0","0109","109","Mens"
"SENECA BUILDING","1","1105","105","Womens"
"SENECA BUILDING","1","1107","107","Neutral"
"SENECA BUILDING","1","1109","109","Mens"
"SENECA BUILDING","2","2105","105","Womens"
"SENECA BUILDING","2","2109","109","Mens"
"SERVICE BUILDING","0","0503","503","Mens"
"SERVICE BUILDING","0","0505","505","Womens"
"SERVICE BUILDING","0","0600S","600S","Womens"
"SERVICE BUILDING","0","0600U","600U","Mens"
"SERVICE BUILDING","1","1303","303","Womens"
"SERVICE BUILDING","1","1305","305","Mens"
"SERVICE BUILDING","1","1600D","600D","Mens"
"SERVICE BUILDING","1","1600G","600G","Womens"
"SERVICE BUILDING","2","2303","303","Mens"
"SERVICE BUILDING","2","2304","304","Womens"
"SEVERN BUILDING","0","0103","103","Neutral"
"SEVERN BUILDING","0","0109","109","Mens"
"SEVERN BUILDING","0","0111","111","Womens"
"SEVERN BUILDING","0","0609","609","Mens"
"SEVERN BUILDING","0","0611","611","Womens"
"SEVERN BUILDING","0","0722","722","Mens"
"SEVERN BUILDING","0","0724","724","Womens"
"SEVERN BUILDING","1","1109","109","Mens"
"SEVERN BUILDING","1","1111","111","Womens"
"SEVERN BUILDING","1","1305","305","Womens"
"SEVERN BUILDING","1","1305A","305A","Womens"
"SEVERN BUILDING","1","1306","306","Mens"
"SEVERN BUILDING","1","1306A","306A","Mens"
"SEVERN BUILDING","1","1610","610","Mens"
"SEVERN BUILDING","1","1614","614","Womens"
"SHOEMAKER BUILDING","0","0101","101","Neutral"
"SHOEMAKER BUILDING","1","1111A","111A","Neutral"
"SHOEMAKER BUILDING","1","1204","204","Mens"
"SHOEMAKER BUILDING","1","1206","206","Womens"
"SHOEMAKER BUILDING","1","1206A","206A","Womens"
"SHUTTLE BUS FACILITY","1","1112","112","Mens"
"SHUTTLE BUS FACILITY","1","1114","114","Womens"
"SKINNER BUILDING","0","0111","111","Mens"
"SKINNER BUILDING","0","0111B","111B","Mens"
"SKINNER BUILDING","1","1111","111","Womens"
"SKINNER BUILDING","2","2107","107","Womens"
"SKINNER BUILDING","3","3109","109","Mens"
"SOMERSET HALL","0","0106","106","Womens"
"SOUTH CAMPUS DINING HALL","0","0107","107","Mens"
"SOUTH CAMPUS DINING HALL","0","0108","108","Womens"
"SOUTH CAMPUS DINING HALL","0","0145","145","Neutral"
"SOUTH CAMPUS DINING HALL","1","1101","101","Mens"
"SOUTH CAMPUS DINING HALL","1","1103","103","Womens"
"SOUTH CAMPUS DINING HALL","1","1126","126","Neutral"
"SOUTH CAMPUS DINING HALL","1","1126A","126A","Neutral"
"SOUTH CAMPUS DINING HALL","1","1128","128","Neutral"
"SOUTH CAMPUS DINING HALL","1","1128A","128A","Neutral"
"SOUTH CAMPUS DINING HALL","1","1145","145","Mens"
"SOUTH CAMPUS DINING HALL","1","1149","149","Womens"
"SOUTH CAMPUS DINING HALL","2","2103","103","Mens"
"SOUTH CAMPUS DINING HALL","2","2105","105","Womens"
"SOUTH CAMPUS DINING HALL","2","2145","145","Womens"
"SOUTH CAMPUS DINING HALL","2","2147","147","Mens"
"SOUTH CAMPUS DINING HALL","3","3115","115","Womens"
"SOUTH CAMPUS DINING HALL","3","3117","117","Mens"
"STAMP STUDENT UNION","0","0101","101","Mens"
"STAMP STUDENT UNION","0","0103","103","Womens"
"STAMP STUDENT UNION","0","0120","120","Family"
"STAMP STUDENT UNION","0","0233","233","Womens"
"STAMP STUDENT UNION","0","0234","234","Mens"
"STAMP STUDENT UNION","1","1106A","106A","Mens"
"STAMP STUDENT UNION","1","1205","205","Womens"
"STAMP STUDENT UNION","1","1232","232","Womens"
"STAMP STUDENT UNION","1","1233","233","Mens"
"STAMP STUDENT UNION","2","2104","104","Mens"
"STAMP STUDENT UNION","2","2105","105","Womens"
"STAMP STUDENT UNION","2","2115","115","Womens"
"STAMP STUDENT UNION","2","2205","205","Mens"
"STAMP STUDENT UNION","2","2206","206","Womens"
"STAMP STUDENT UNION","3","3101","101","Neutral"
"STAMP STUDENT UNION","3","3102","102","Neutral"
"STAMP STUDENT UNION","B0","B0102","102","Neutral"
"STAMP STUDENT UNION","B0","B0104","104","Neutral"
"STAMP STUDENT UNION","B0","B0106U","106U","Womens"
"STAMP STUDENT UNION","B0","B0106V","106V","Mens"
"STAMP STUDENT UNION","B0","B0111D","111D","Neutral"
"STAMP STUDENT UNION","B0","B0113A","113A","Neutral"
"STAMP STUDENT UNION","B0","B0220","220","Mens"
"STAMP STUDENT UNION","B0","B0222","222","Womens"
"SUSQUEHANNA HALL","1","1102","102","Mens"
"SUSQUEHANNA HALL","1","1102A","102A","Mens"
"SUSQUEHANNA HALL","1","1106","106","Womens"
"SUSQUEHANNA HALL","2","2102","102","Mens"
"SUSQUEHANNA HALL","2","2102A","102A","Mens"
"SUSQUEHANNA HALL","2","2106","106","Womens"
"SUSQUEHANNA HALL","3","3104","104","Mens"
"SUSQUEHANNA HALL","3","3110","110","Womens"
"SUSQUEHANNA HALL","4","4102","102","Mens"
"SUSQUEHANNA HALL","4","4106","106","Womens"
"SYMONS HALL","0","0103","103","Womens"
"SYMONS HALL","0","0125","125","Mens"
"SYMONS HALL","0","0125B","125B","Mens"
"SYMONS HALL","0","0202","202","Womens"
"SYMONS HALL","0","0203","203","Mens"
"SYMONS HALL","1","1101","101","Mens"
"SYMONS HALL","1","1101A","101A","Mens"
"SYMONS HALL","1","1125","125","Womens"
"SYMONS HALL","1","1125A","125A","Womens"
"SYMONS HALL","2","2101","101","Womens"
"SYMONS HALL","2","2101A","101A","Womens"
"SYMONS HALL","2","2125","125","Mens"
"SYMONS HALL","2","2125B","125B","Mens"
"TALIAFERRO HALL","0","0104","104","Mens"
"TALIAFERRO HALL","0","0106","106","Womens"
"TALIAFERRO HALL","0","0127","127","Womens"
"TALIAFERRO HALL","0","0129","129","Mens"
"TALIAFERRO HALL","1","1127","127","Mens"
"TALIAFERRO HALL","1","1129","129","Womens"
"TALIAFERRO HALL","2","2153","153","Mens"
"TALIAFERRO HALL","2","2157","157","Neutral"
"TALIAFERRO HALL","2","2159","159","Womens"
"TALIAFERRO HALL","3","3105","105","Neutral"
"TAWES HALL","0","0206","206","Womens"
"TAWES HALL","0","0215","215","Mens"
"TAWES HALL","0","0302","302","Family"
"TAWES HALL","0","0324","324","Family"
"TAWES HALL","1","1212","212","Womens"
"TAWES HALL","1","1216","216","Mens"
"TAWES HALL","1","1302","302","Mens"
"TAWES HALL","1","1304","304","Womens"
"TAWES HALL","2","2212","212","Womens"
"TAWES HALL","2","2216","216","Mens"
"TAWES HALL","3","3212","212","Womens"
"TAWES HALL","3","3216","216","Mens"
"TAWES HALL","B0","B0302","302","Mens"
"TAWES HALL","B0","B0304","304","Womens"
"TECHNOLOGY ADVANCEMENT PROGRAM","1","1196","196","Womens"
"TECHNOLOGY ADVANCEMENT PROGRAM","1","1197","197","Mens"
"TECHNOLOGY ADVANCEMENT PROGRAM","2","2196","196","Womens"
"TECHNOLOGY ADVANCEMENT PROGRAM","2","2197","197","Mens"
"TECHNOLOGY ADVANCEMENT PROGRAM","3","3196","196","Womens"
"TECHNOLOGY ADVANCEMENT PROGRAM","3","3197","197","Mens"
"TECHNOLOGY VENTURES BUILDING","1","1110","110","Womens"
"TECHNOLOGY VENTURES BUILDING","1","1114","114","Mens"
"TECHNOLOGY VENTURES BUILDING","2","2110","110","Womens"
"TECHNOLOGY VENTURES BUILDING","2","2114","114","Mens"
"TECHNOLOGY VENTURES BUILDING","3","3110","110","Womens"
"TECHNOLOGY VENTURES BUILDING","3","3114","114","Mens"
"TECHNOLOGY VENTURES BUILDING","4","4110","110","Womens"
"TECHNOLOGY VENTURES BUILDING","4","4114","114","Mens"
"TURFGRASS RESEARCH FACILITY (P","1","1110","110","Mens"
"TURFGRASS RESEARCH FACILITY (P","1","1112","112","Womens"
"TURNER HALL","1","1103","103","Mens"
"TURNER HALL","1","1105","105","Womens"
"TYDINGS HALL","0","0105","105","Mens"
"TYDINGS HALL","0","0125","125","Womens"
"TYDINGS HALL","0","0125A","125A","Womens"
"TYDINGS HALL","1","1124","124","Mens"
"TYDINGS HALL","1","1131","131","Womens"
"TYDINGS HALL","1","1131A","131A","Womens"
"TYDINGS HALL","2","2125","125","Mens"
"TYDINGS HALL","2","2132","132","Womens"
"TYDINGS HALL","2","2132A","132A","Womens"
"TYDINGS HALL","3","3124","124","Mens"
"TYDINGS HALL","3","3131A","131A","Womens"
"TYDINGS HALL","4","4125","125","Mens"
"TYDINGS HALL","4","4126","126","Womens"
"TYDINGS HALL","4","4126A","126A","Womens"
"TYSER TOWER","1","1124","124","Womens"
"TYSER TOWER","1","1126","126","Mens"
"TYSER TOWER","2","2107","107","Womens"
"TYSER TOWER","2","2111","111","Mens"
"TYSER TOWER","2","2130D","130D","Womens"
"TYSER TOWER","2","2130E","130E","Mens"
"TYSER TOWER","2","2143","143","Family"
"TYSER TOWER","2","2145","145","Family"
"TYSER TOWER","2","2147","147","Mens"
"TYSER TOWER","2","2149","149","Womens"
"TYSER TOWER","3","3107","107","Womens"
"TYSER TOWER","3","3111","111","Mens"
"TYSER TOWER","3","3123","123","Mens"
"TYSER TOWER","3","3131","131","Mens"
"TYSER TOWER","3","3143","143","Family"
"TYSER TOWER","3","3145","145","Family"
"TYSER TOWER","3","3147","147","Mens"
"TYSER TOWER","3","3149","149","Womens"
"TYSER TOWER","4","4107","107","Womens"
"TYSER TOWER","4","4111","111","Mens"
"TYSER TOWER","4","4123","123","Mens"
"TYSER TOWER","4","4131","131","Mens"
"TYSER TOWER","4","4143","143","Family"
"TYSER TOWER","4","4145","145","Family"
"TYSER TOWER","4","4147","147","Mens"
"TYSER TOWER","4","4149","149","Womens"
"TYSER TOWER","5","5107","107","Womens"
"TYSER TOWER","5","5111","111","Mens"
"TYSER TOWER","5","5123","123","Mens"
"TYSER TOWER","5","5131","131","Womens"
"UNIVERSITY HOUSE","1","1124","124","Mens"
"UNIVERSITY HOUSE","1","1124A","124A","Mens"
"UNIVERSITY HOUSE","1","1125","125","Womens"
"UNIVERSITY HOUSE","1","1125A","125A","Womens"
"UNIVERSITY HOUSE","1","1133","133","Family"
"UPPER MARLBORO OFFICE LAB","1","1112","112","Womens"
"UPPER MARLBORO OFFICE LAB","1","1114","114","Mens"
"VAN MUNCHING HALL","1","1131","131","Mens"
"VAN MUNCHING HALL","1","1131A","131A","Mens"
"VAN MUNCHING HALL","1","1135","135","Womens"
"VAN MUNCHING HALL","1","1135B","135B","Womens"
"VAN MUNCHING HALL","1","1200","200","Womens"
"VAN MUNCHING HALL","1","1304","304","Mens"
"VAN MUNCHING HALL","1","1329","329","Mens"
"VAN MUNCHING HALL","1","1331","331","Womens"
"VAN MUNCHING HALL","1","1404","404","Womens"
"VAN MUNCHING HALL","1","1502","502","Mens"
"VAN MUNCHING HALL","1","1503","503","Womens"
"VAN MUNCHING HALL","1","1522","522","Womens"
"VAN MUNCHING HALL","1","1522A","522A","Womens"
"VAN MUNCHING HALL","1","1526","526","Mens"
"VAN MUNCHING HALL","1","1526A","526A","Mens"
"VAN MUNCHING HALL","2","2121","121","Mens"
"VAN MUNCHING HALL","2","2121A","121A","Mens"
"VAN MUNCHING HALL","2","2200","200","Womens"
"VAN MUNCHING HALL","2","2201","201","Mens"
"VAN MUNCHING HALL","2","2304","304","Mens"
"VAN MUNCHING HALL","2","2329","329","Mens"
"VAN MUNCHING HALL","2","2331","331","Womens"
"VAN MUNCHING HALL","2","2404","404","Womens"
"VAN MUNCHING HALL","2","2502","502","Mens"
"VAN MUNCHING HALL","2","2503","503","Womens"
"VAN MUNCHING HALL","3","3145","145","Mens"
"VAN MUNCHING HALL","3","3145A","145A","Mens"
"VAN MUNCHING HALL","3","3327","327","Mens"
"VAN MUNCHING HALL","3","3329","329","Womens"
"VAN MUNCHING HALL","3","3367","367","Mens"
"VAN MUNCHING HALL","3","3405","405","Womens"
"VAN MUNCHING HALL","3","3502","502","Mens"
"VAN MUNCHING HALL","3","3503","503","Womens"
"VAN MUNCHING HALL","4","4143","143","Mens"
"VAN MUNCHING HALL","4","4143A","143A","Mens"
"VAN MUNCHING HALL","4","4147","147","Womens"
"VAN MUNCHING HALL","4","4147B","147B","Womens"
"VAN MUNCHING HALL","4","4330","330","Mens"
"VAN MUNCHING HALL","4","4331","331","Womens"
"VAN MUNCHING HALL","4","4367","367","Mens"
"VAN MUNCHING HALL","4","4405","405","Womens"
"VAN MUNCHING HALL","4","4502","502","Mens"
"VAN MUNCHING HALL","4","4503","503","Womens"
"VARSITY SPORTS TEAMHOUSE","0","0111","111","Neutral"
"WESTERN MD OFFICE","1","1109","109","Mens"
"WESTERN MD OFFICE","1","1113","113","Womens"
"WESTERN MD OFFICE","2","2105","105","Womens"
"WESTERN MD OFFICE","2","2111","111","Mens"
"WESTERN MD SUPPORT","1","1208","208","Womens"
"WESTERN MD SUPPORT","1","1208A","208A","Womens"
"WESTERN MD SUPPORT","1","1210","210","Mens"
"WESTERN MD SUPPORT","1","1210A","210A","Mens"
"WICOMICO HALL","0","0104A","104A","Neutral"
"WILLIAM E. KIRWAN HALL","0","0204","204","Mens"
"WILLIAM E. KIRWAN HALL","0","0212","212","Womens"
"WILLIAM E. KIRWAN HALL","0","0412","412","Womens"
"WILLIAM E. KIRWAN HALL","1","1204","204","Mens"
"WILLIAM E. KIRWAN HALL","1","1212","212","Womens"
"WILLIAM E. KIRWAN HALL","1","1403D","403D","Mens"
"WILLIAM E. KIRWAN HALL","1","1403E","403E","Womens"
"WILLIAM E. KIRWAN HALL","2","2206","206","Mens"
"WILLIAM E. KIRWAN HALL","2","2212","212","Womens"
"WILLIAM E. KIRWAN HALL","2","2403C","403C","Mens"
"WILLIAM E. KIRWAN HALL","2","2403D","403D","Womens"
"WILLIAM E. KIRWAN HALL","3","3204","204","Mens"
"WILLIAM E. KIRWAN HALL","3","3210","210","Womens"
"WILLIAM E. KIRWAN HALL","3","3403B","403B","Mens"
"WILLIAM E. KIRWAN HALL","3","3403C","403C","Womens"
"WILLIAM E. KIRWAN HALL","4","4122","122","Mens"
"WILLIAM E. KIRWAN HALL","4","4210","210","Womens"
"WILLIAM E. KIRWAN HALL","4","4422","422","Mens"
"WILLIAM E. KIRWAN HALL","B0","B0434","434","Mens"
"WIND TUNNEL BUILDING","1","1105","105","Mens"
"WIND TUNNEL BUILDING","2","2105A","105A","Womens"
"WIND TUNNEL BUILDING","2","2105B","105B","Mens"
"WOODS HALL","0","0114","114","Mens"
"WOODS HALL","0","0117","117","Womens"
"WOODS HALL","1","1134","134","Womens"
"WOODS HALL","1","1135","135","Mens"
"WORCESTER HALL","0","0111B","111B","Womens"
"WORCESTER HALL","0","0111C","111C","Mens"
"WYE OAK BUILDING","1","1106","106","Mens"
"WYE OAK BUILDING","1","1106A","106A","Mens"
"WYE OAK BUILDING","1","1108","108","Womens"
"WYE OAK BUILDING","2","2110","110","Womens"
"WYE OAK BUILDING","2","2112","112","Mens"
"WYE OFFICE ANNEX","1","1107A","107A","Womens"
"WYE OFFICE ANNEX","1","1107B","107B","Mens"
"WYE OFFICE/EQUIP MAINTENANCE","1","1102A","102A","Neutral"
"WYE OFFICE/EQUIP MAINTENANCE","1","1201A","201A","Neutral"
"XFINITY CENTER","0","0409","409","Womens"
"XFINITY CENTER","0","0411","411","Family"
"XFINITY CENTER","0","0413","413","Mens"
"XFINITY CENTER","0","0605","605","Womens"
"XFINITY CENTER","0","0606","606","Mens"
"XFINITY CENTER","2","2102","102","Womens"
"XFINITY CENTER","2","2108","108","Mens"
"XFINITY CENTER","2","2109","109","Family"
"XFINITY CENTER","2","2115","115","Womens"
"XFINITY CENTER","2","2117","117","Womens"
"XFINITY CENTER","2","2119","119","Mens"
"XFINITY CENTER","2","2203","203","Mens"
"XFINITY CENTER","2","2205","205","Womens"
"XFINITY CENTER","2","2311","311","Womens"
"XFINITY CENTER","2","2313","313","Mens"
"XFINITY CENTER","2","2403","403","Mens"
"XFINITY CENTER","2","2405","405","Womens"
"XFINITY CENTER","2","2407","407","Womens"
"XFINITY CENTER","2","2414","414","Mens"
"XFINITY CENTER","2","2420","420","Womens"
"XFINITY CENTER","2","2421","421","Family"
"XFINITY CENTER","2","2602","602","Womens"
"XFINITY CENTER","2","2705","705","Mens"
"XFINITY CENTER","3","3104","104","Womens"
"XFINITY CENTER","3","3106","106","Mens"
"XFINITY CENTER","3","3108","108","Mens"
"XFINITY CENTER","3","3110","110","Womens"
"XFINITY CENTER","3","3112","112","Womens"
"XFINITY CENTER","3","3202","202","Mens"
"XFINITY CENTER","3","3204","204","Womens"
"XFINITY CENTER","3","3206","206","Womens"
"XFINITY CENTER","3","3208","208","Mens"
"XFINITY CENTER","3","3210","210","Mens"
"XFINITY CENTER","3","3212","212","Family"
"XFINITY CENTER","3","3214","214","Womens"
"XFINITY CENTER","3","3302","302","Womens"
"XFINITY CENTER","3","3306","306","Mens"
"XFINITY CENTER","3","3308","308","Mens"
"XFINITY CENTER","3","3310","310","Womens"
"XFINITY CENTER","3","3312","312","Womens"
"XFINITY CENTER","3","3314","314","Mens"
"XFINITY CENTER","3","3402","402","Womens"
"XFINITY CENTER","3","3404","404","Womens"
"XFINITY CENTER","3","3406","406","Mens"
"XFINITY CENTER","3","3408","408","Mens"
"XFINITY CENTER","3","3410","410","Womens"
